1,John Doe,johndoe@mail.com
2,Jane Smith,janesmith@mail.com
3,Michael Brown,michaelbrown@mail.com
4,Emily Davis,emilydavis@mail.com
5,Daniel Wilson,danielwilson@mail.com
6,Sarah Johnson,sarahjohnson@mail.com
7,David Lee,davidlee@mail.com
8,Laura Martinez,lauramartinez@mail.com
9,James Anderson,jamesanderson@mail.com
10,Mary Thompson,marythompson@mail.com
11,Robert White,robertwhite@mail.com
12,Linda Harris,lindaharris@mail.com
13,William Clark,williamclark@mail.com
14,Patricia Lewis,patricialewis@mail.com
15,Christopher Walker,christopherwalker@mail.com
16,Swara,swara@mail.com
17,Akshara,akshara@mail.com
18,Ram Sharma,ramsharma@mail.com
